end_use,hour,year_1,year_2,year_3
hvac,1,0.0000572,0.0000568,0.0000564
hvac,2,0.0000543,0.0000539,0.0000535
hvac,3,0.0000521,0.0000517,0.0000513
